{"ip": {"in": {"id": [54923, 54924, 54925, 54926, 54927, 54928, 54929, 54930, 54931, 54932, 54933, 54934, 54935, 54936, 54937, 54938, 54939, 54940, 54941, 54942, 54943, 54944, 54947, 54948, 54949, 54950, 54951, 54954, 54955, 54957, 54960, 54961, 54962, 54963, 54964, 54966, 54968, 54969, 54970, 54971, 54972, 54975, 54976, 54977, 54978, 54979, 54980, 54981, 54982, 54983], "ttl": 47}, "out": {"id": [10885, 10886, 10887, 10888, 10889, 10890, 10891, 10892, 10893, 10894, 10895, 10896, 10897, 10898, 10899, 10900, 10901, 10902, 10903, 10904, 10905, 10906, 10907, 10908, 10909, 10910, 10911, 10912, 10913, 10914, 10915, 10916, 10917, 10918, 10919, 10920, 10921, 10922, 10923, 10924, 10925, 10926, 10927, 10928, 10929, 10930, 10931, 10932, 10933, 10934], "ttl": 64}}, "idp_in": "45000253d68c40002f0621a3d91703fd", "time_end": 1427991201.734111, "expire_type": "a", "entropy": 0.218033, "num_pkts_out": 948, "pr": 6, "time_start": 1427991171.506696, "bytes_in": 2030442, "num_pkts_in": 1377, "bytes_out": 262311, "byte_dist_std": 66.249049, "da": "217.23.3.253", "byte_dist_mean": 127.066638, "idp_len_out": 16, "total_entropy": 499894.68931, "byte_dist": [138, 136, 162, 200, 139, 139, 140, 159, 138, 136, 136, 138, 137, 140, 142, 142, 142, 162, 139, 138, 137, 139, 137, 166, 137, 137, 169, 139, 137, 138, 140, 136, 138, 138, 137, 139, 141, 137, 141, 138, 139, 136, 139, 140, 137, 138, 139, 137, 137, 137, 139, 137, 138, 138, 137, 135, 140, 138, 136, 138, 140, 137, 138, 136, 135, 138, 138, 140, 137, 137, 138, 136, 141, 139, 138, 139, 138, 137, 138, 135, 138, 140, 138, 163, 138, 147, 138, 137, 139, 138, 139, 140, 138, 138, 138, 137, 140, 141, 134, 138, 139, 139, 140, 138, 140, 137, 140, 137, 138, 138, 137, 139, 137, 138, 147, 140, 140, 139, 141, 135, 138, 138, 139, 137, 160, 138, 137, 138, 140, 138, 141, 138, 137, 136, 138, 138, 137, 135, 139, 137, 136, 138, 138, 136, 139, 138, 137, 138, 138, 137, 140, 140, 138, 138, 139, 140, 137, 138, 136, 135, 145, 140, 136, 138, 139, 138, 138, 137, 139, 139, 138, 139, 138, 138, 139, 138, 137, 136, 135, 138, 140, 139, 139, 136, 137, 139, 138, 137, 139, 137, 137, 140, 141, 139, 139, 139, 138, 138, 137, 140, 137, 137, 139, 137, 137, 137, 138, 138, 137, 136, 139, 141, 140, 144, 142, 140, 144, 141, 144, 139, 136, 139, 139, 140, 141, 137, 137, 138, 139, 138, 141, 162, 137, 146, 160, 139, 138, 136, 137, 139, 140, 137, 138, 137, 137, 140, 138, 139, 139, 138, 139, 137, 139, 137, 137, 138], "dp": 9001, "idp_len_in": 16, "sp": 34160, "packets": [{"b": 543, "ipt": 0, "dir": ">"}, {"b": 543, "ipt": 160, "dir": "<"}, {"b": 543, "ipt": 0, "dir": ">"}, {"b": 1086, "ipt": 165, "dir": ">"}, {"b": 543, "ipt": 132, "dir": ">"}, {"b": 543, "ipt": 10, "dir": "<"}, {"b": 1338, "ipt": 3, "dir": ">"}, {"b": 1338, "ipt": 0, "dir": ">"}, {"b": 1338, "ipt": 75, "dir": ">"}, {"b": 1086, "ipt": 53, "dir": "<"}, {"b": 330, "ipt": 0, "dir": ">"}, {"b": 1338, "ipt": 0, "dir": ">"}, {"b": 1338, "ipt": 98, "dir": ">"}, {"b": 1086, "ipt": 29, "dir": "<"}, {"b": 524, "ipt": 0, "dir": ">"}, {"b": 1086, "ipt": 131, "dir": "<"}, {"b": 543, "ipt": 0, "dir": ">"}, {"b": 1338, "ipt": 78, "dir": "<"}, {"b": 1338, "ipt": 2, "dir": ">"}, {"b": 1338, "ipt": 35, "dir": "<"}, {"b": 39, "ipt": 11, "dir": "<"}, {"b": 291, "ipt": 0, "dir": ">"}, {"b": 1338, "ipt": 72, "dir": ">"}, {"b": 1338, "ipt": 23, "dir": ">"}, {"b": 39, "ipt": 32, "dir": ">"}, {"b": 543, "ipt": 6, "dir": "<"}, {"b": 1338, "ipt": 67, "dir": "<"}, {"b": 1338, "ipt": 73, "dir": "<"}, {"b": 543, "ipt": 0, "dir": ">"}, {"b": 1338, "ipt": 17, "dir": ">"}, {"b": 39, "ipt": 10, "dir": "<"}, {"b": 4014, "ipt": 94, "dir": "<"}, {"b": 1338, "ipt": 0, "dir": "<"}, {"b": 1338, "ipt": 0, "dir": "<"}, {"b": 1338, "ipt": 0, "dir": ">"}, {"b": 1338, "ipt": 5, "dir": "<"}, {"b": 39, "ipt": 0, "dir": ">"}, {"b": 1338, "ipt": 0, "dir": "<"}, {"b": 4014, "ipt": 0, "dir": "<"}, {"b": 2676, "ipt": 122, "dir": "<"}, {"b": 4014, "ipt": 1, "dir": "<"}, {"b": 1338, "ipt": 0, "dir": "<"}, {"b": 1338, "ipt": 4, "dir": "<"}, {"b": 1338, "ipt": 0, "dir": "<"}, {"b": 1338, "ipt": 0, "dir": "<"}, {"b": 543, "ipt": 0, "dir": ">"}, {"b": 2676, "ipt": 0, "dir": "<"}, {"b": 2676, "ipt": 48, "dir": "<"}, {"b": 1338, "ipt": 0, "dir": "<"}, {"b": 1338, "ipt": 0, "dir": "<"}, {"b": 1338, "ipt": 0, "dir": "<"}, {"b": 1338, "ipt": 76, "dir": "<"}, {"b": 4014, "ipt": 0, "dir": "<"}, {"b": 1338, "ipt": 0, "dir": "<"}, {"b": 1338, "ipt": 0, "dir": "<"}, {"b": 1338, "ipt": 0, "dir": "<"}, {"b": 1338, "ipt": 3, "dir": "<"}, {"b": 543, "ipt": 0, "dir": ">"}, {"b": 1269, "ipt": 0, "dir": "<"}, {"b": 1338, "ipt": 7, "dir": ">"}, {"b": 543, "ipt": 131, "dir": "<"}, {"b": 834, "ipt": 0, "dir": ">"}, {"b": 543, "ipt": 129, "dir": "<"}, {"b": 543, "ipt": 0, "dir": ">"}, {"b": 1086, "ipt": 131, "dir": "<"}, {"b": 543, "ipt": 18, "dir": ">"}, {"b": 543, "ipt": 168, "dir": ">"}, {"b": 543, "ipt": 27, "dir": "<"}, {"b": 1086, "ipt": 169, "dir": "<"}, {"b": 543, "ipt": 0, "dir": ">"}, {"b": 1338, "ipt": 95, "dir": ">"}, {"b": 543, "ipt": 47, "dir": "<"}, {"b": 834, "ipt": 0, "dir": ">"}, {"b": 1338, "ipt": 2, "dir": "<"}, {"b": 1338, "ipt": 0, "dir": "<"}, {"b": 1009, "ipt": 126, "dir": "<"}, {"b": 543, "ipt": 8, "dir": ">"}, {"b": 1338, "ipt": 2, "dir": ">"}, {"b": 1338, "ipt": 24, "dir": ">"}, {"b": 1086, "ipt": 112, "dir": "<"}, {"b": 582, "ipt": 0, "dir": ">"}, {"b": 1338, "ipt": 66, "dir": "<"}, {"b": 1338, "ipt": 10, "dir": "<"}, {"b": 1338, "ipt": 1, "dir": "<"}, {"b": 1338, "ipt": 0, "dir": "<"}, {"b": 1338, "ipt": 8, "dir": ">"}, {"b": 291, "ipt": 101, "dir": ">"}, {"b": 1338, "ipt": 29, "dir": ">"}, {"b": 834, "ipt": 130, "dir": ">"}, {"b": 543, "ipt": 176, "dir": ">"}, {"b": 543, "ipt": 790, "dir": ">"}, {"b": 543, "ipt": 316, "dir": ">"}, {"b": 543, "ipt": 370, "dir": ">"}, {"b": 543, "ipt": 370, "dir": ">"}, {"b": 543, "ipt": 670, "dir": ">"}, {"b": 543, "ipt": 164, "dir": ">"}, {"b": 1086, "ipt": 128, "dir": ">"}, {"b": 1338, "ipt": 76, "dir": ">"}, {"b": 291, "ipt": 51, "dir": ">"}, {"b": 1086, "ipt": 132, "dir": ">"}], "idp_out": "450002532a8540004006bcaa83caf096", "sa": "131.202.240.150"}
{"pr": 6, "time_start": 1427991203.5101, "bytes_out": 482, "sp": 5228, "packets": [{"b": 95, "ipt": 0, "dir": ">"}, {"b": 159, "ipt": 0, "dir": ">"}, {"b": 228, "ipt": 0, "dir": ">"}], "time_end": 1427991203.510259, "byte_dist_std": 76.739079, "da": "131.202.240.150", "total_entropy": 3583.646989, "ip": {"in": {"id": [46819, 46820, 46821], "ttl": 64}, "out": {"id": [42117, 42118, 42119], "ttl": 42}}, "idp_out": "45000093a48500002a06fcffadc2ccbc", "num_pkts_in": 3, "num_pkts_out": 3, "idp_len_out": 16, "bytes_in": 0, "expire_type": "i", "entropy": 7.434952, "sa": "173.194.204.188", "byte_dist": [26, 2, 4, 9, 0, 2, 3, 2, 0, 1, 1, 2, 3, 3, 1, 1, 3, 2, 3, 1, 2, 1, 2, 5, 2, 1, 1, 2, 1, 0, 3, 0, 1, 2, 2, 0, 0, 2, 1, 1, 1, 2, 2, 2, 4, 2, 2, 0, 0, 0, 1, 2, 0, 2, 2, 2, 4, 2, 1, 3, 3, 2, 2, 0, 1, 2, 2, 1, 2, 4, 1, 1, 2, 0, 3, 3, 2, 1, 0, 2, 0, 3, 6, 0, 0, 1, 2, 1, 2, 5, 3, 1, 0, 1, 4, 3, 1, 0, 1, 3, 1, 1, 1, 1, 0, 0, 0, 2, 2, 2, 5, 1, 1, 1, 0, 4, 2, 4, 0, 0, 2, 3, 3, 4, 4, 0, 2, 1, 2, 2, 1, 2, 1, 1, 2, 2, 2, 1, 1, 5, 2, 0, 1, 2, 1, 3, 1, 0, 6, 1, 3, 5, 3, 3, 4, 3, 2, 3, 2, 2, 0, 2, 2, 1, 0, 5, 3, 1, 2, 3, 2, 1, 1, 2, 3, 1, 3, 1, 2, 2, 1, 2, 1, 1, 3, 1, 1, 1, 0, 3, 2, 3, 3, 1, 2, 2, 0, 0, 1, 4, 1, 0, 0, 2, 2, 2, 1, 1, 1, 2, 2, 4, 3, 3, 4, 3, 0, 1, 3, 1, 0, 2, 1, 3, 3, 2, 2, 3, 2, 2, 4, 1, 1, 1, 1, 2, 3, 3, 1, 0, 1, 3, 1, 2, 0, 0, 2, 2, 0, 3, 0, 2, 2, 2, 1, 0], "dp": 34418, "byte_dist_mean": 119.593361}
{"pr": 17, "time_start": 1427991208.026432, "bytes_out": 50, "sp": 137, "packets": [{"b": 50, "ipt": 0, "dir": "<"}], "time_end": 1427991208.026432, "byte_dist_std": 34.568624, "da": "131.202.243.255", "idp_out": "4500004e9fef40004011ae8483caf096", "entropy": 3.421147, "num_pkts_out": 1, "idp_len_out": 16, "ip": {"out": {"id": [40943], "ttl": 64}}, "expire_type": "i", "total_entropy": 171.057367, "sa": "131.202.240.150",