{"ip": {"in": {"id": [15281, 15282, 15283, 15284, 15285, 15286, 15287, 15288, 15289, 15290, 15291, 15292, 15293, 15295, 15296, 15298, 15299, 15300, 15301, 15302, 15303, 15304, 15305, 15306, 15307, 15308, 15309, 15310, 15311, 15312, 15313, 15314, 15315, 15316, 15318, 15319, 15320, 15321, 15324, 15325, 15326, 15328, 15329, 15330, 15331, 15332, 15333, 15335, 15336, 15338], "ttl": 47}, "out": {"id": [25795, 25796, 25797, 25798, 25799, 25800, 25801, 25802, 25803, 25804, 25805, 25806, 25807, 25808, 25809, 25810, 25811, 25812, 25813, 25814, 25815, 25817, 25819, 25820, 25821, 25822, 25823, 25824, 25825, 25826, 25827, 25828, 25829, 25830, 25831, 25832, 25833, 25834, 25835, 25836, 25837, 25838, 25839, 25840, 25841, 25842, 25843, 25844, 25845, 25846], "ttl": 64}}, "idp_in": "450002533bb840002f06bc77d91703fd", "time_end": 1427992112.413558, "expire_type": "a", "entropy": 0.217914, "num_pkts_out": 823, "pr": 6, "time_start": 1427992082.21123, "bytes_in": 1675871, "num_pkts_in": 1168, "bytes_out": 234154, "byte_dist_std": 65.738104, "da": "217.23.3.253", "byte_dist_mean": 126.977343, "idp_len_out": 16, "total_entropy": 416221.985068, "byte_dist": [115, 117, 133, 164, 115, 116, 114, 115, 134, 115, 115, 115, 116, 114, 119, 115, 115, 133, 116, 115, 114, 115, 117, 140, 115, 114, 137, 116, 117, 116, 116, 115, 114, 118, 120, 118, 121, 119, 118, 114, 115, 114, 114, 114, 114, 116, 115, 115, 115, 115, 114, 114, 113, 114, 116, 116, 114, 114, 115, 114, 114, 114, 116, 114, 114, 116, 116, 115, 115, 115, 116, 114, 117, 113, 117, 117, 114, 116, 116, 113, 115, 114, 114, 134, 115, 122, 117, 116, 114, 115, 115, 114, 115, 116, 112, 113, 115, 117, 116, 116, 117, 115, 114, 116, 114, 116, 115, 116, 118, 115, 112, 113, 114, 115, 118, 116, 115, 116, 113, 116, 114, 118, 113, 114, 132, 112, 113, 112, 115, 112, 115, 114, 117, 116, 115, 116, 114, 119, 114, 113, 114, 114, 118, 113, 113, 112, 115, 115, 115, 116, 116, 116, 114, 116, 118, 116, 117, 115, 117, 115, 120, 115, 115, 114, 114, 113, 116, 114, 114, 116, 115, 116, 117, 116, 119, 115, 115, 117, 113, 114, 113, 114, 114, 119, 114, 111, 116, 115, 114, 114, 116, 115, 118, 113, 115, 115, 114, 113, 115, 115, 116, 116, 117, 116, 114, 116, 118, 116, 114, 114, 116, 117, 114, 115, 115, 116, 114, 114, 119, 116, 113, 118, 113, 114, 115, 116, 115, 116, 115, 116, 116, 133, 118, 122, 134, 118, 114, 115, 118, 117, 114, 116, 113, 113, 114, 113, 116, 115, 114, 116, 113, 114, 115, 115, 114, 115], "dp": 9001, "idp_len_in": 16, "sp": 34160, "packets": [{"b": 543, "ipt": 0, "dir": ">"}, {"b": 1338, "ipt": 0, "dir": ">"}, {"b": 1338, "ipt": 0, "dir": ">"}, {"b": 39, "ipt": 127, "dir": ">"}, {"b": 543, "ipt": 333, "dir": ">"}, {"b": 1338, "ipt": 0, "dir": ">"}, {"b": 291, "ipt": 128, "dir": ">"}, {"b": 543, "ipt": 182, "dir": "<"}, {"b": 543, "ipt": 0, "dir": ">"}, {"b": 1338, "ipt": 97, "dir": "<"}, {"b": 1338, "ipt": 0, "dir": "<"}, {"b": 1338, "ipt": 0, "dir": "<"}, {"b": 1338, "ipt": 4, "dir": "<"}, {"b": 2676, "ipt": 0, "dir": "<"}, {"b": 1338, "ipt": 26, "dir": "<"}, {"b": 543, "ipt": 0, "dir": ">"}, {"b": 2174, "ipt": 0, "dir": "<"}, {"b": 543, "ipt": 133, "dir": "<"}, {"b": 543, "ipt": 0, "dir": ">"}, {"b": 543, "ipt": 2382, "dir": ">"}, {"b": 543, "ipt": 176, "dir": "<"}, {"b": 543, "ipt": 1, "dir": ">"}, {"b": 543, "ipt": 133, "dir": ">"}, {"b": 543, "ipt": 129, "dir": ">"}, {"b": 543, "ipt": 38, "dir": "<"}, {"b": 1338, "ipt": 6, "dir": ">"}, {"b": 1338, "ipt": 0, "dir": ">"}, {"b": 2676, "ipt": 0, "dir": ">"}, {"b": 2676, "ipt": 0, "dir": ">"}, {"b": 457, "ipt": 124, "dir": ">"}, {"b": 543, "ipt": 42, "dir": "<"}, {"b": 1338, "ipt": 108, "dir": "<"}, {"b": 543, "ipt": 0, "dir": ">"}, {"b": 1338, "ipt": 1, "dir": "<"}, {"b": 1338, "ipt": 0, "dir": "<"}, {"b": 2676, "ipt": 0, "dir": "<"}, {"b": 1338, "ipt": 0, "dir": "<"}, {"b": 1338, "ipt": 23, "dir": "<"}, {"b": 1338, "ipt": 0, "dir": "<"}, {"b": 1338, "ipt": 0, "dir": "<"}, {"b": 1338, "ipt": 4, "dir": ">"}, {"b": 1338, "ipt": 110, "dir": "<"}, {"b": 291, "ipt": 0, "dir": ">"}, {"b": 1338, "ipt": 0, "dir": "<"}, {"b": 2676, "ipt": 0, "dir": "<"}, {"b": 1338, "ipt": 0, "dir": "<"}, {"b": 1338, "ipt": 17, "dir": "<"}, {"b": 1338, "ipt": 0, "dir": "<"}, {"b": 1338, "ipt": 0, "dir": "<"}, {"b": 1338, "ipt": 8, "dir": "<"}, {"b": 2676, "ipt": 0, "dir": "<"}, {"b": 1338, "ipt": 0, "dir": "<"}, {"b": 1761, "ipt": 0, "dir": "<"}, {"b": 1338, "ipt": 101, "dir": "<"}, {"b": 1370, "ipt": 0, "dir": "<"}, {"b": 1370, "ipt": 0, "dir": "<"}, {"b": 1338, "ipt": 0, "dir": "<"}, {"b": 543, "ipt": 3, "dir": ">"}, {"b": 1338, "ipt": 21, "dir": "<"}, {"b": 1338, "ipt": 0, "dir": ">"}, {"b": 1338, "ipt": 0, "dir": "<"}, {"b": 1338, "ipt": 8, "dir": "<"}, {"b": 1338, "ipt": 76, "dir": "<"}, {"b": 1338, "ipt": 1, "dir": ">"}, {"b": 2676, "ipt": 0, "dir": ">"}, {"b": 1338, "ipt": 12, "dir": "<"}, {"b": 176, "ipt": 12, "dir": "<"}, {"b": 1048, "ipt": 23, "dir": ">"}, {"b": 1086, "ipt": 106, "dir": "<"}, {"b": 543, "ipt": 59, "dir": ">"}, {"b": 1086, "ipt": 114, "dir": "<"}, {"b": 543, "ipt": 14, "dir": ">"}, {"b": 2676, "ipt": 60, "dir": "<"}, {"b": 1338, "ipt": 0, "dir": "<"}, {"b": 214, "ipt": 53, "dir": "<"}, {"b": 1338, "ipt": 19, "dir": ">"}, {"b": 1338, "ipt": 0, "dir": ">"}, {"b": 582, "ipt": 35, "dir": ">"}, {"b": 543, "ipt": 132, "dir": "<"}, {"b": 543, "ipt": 1, "dir": ">"}, {"b": 1338, "ipt": 102, "dir": "<"}, {"b": 1338, "ipt": 12, "dir": "<"}, {"b": 39, "ipt": 13, "dir": "<"}, {"b": 543, "ipt": 13, "dir": ">"}, {"b": 1086, "ipt": 191, "dir": ">"}, {"b": 543, "ipt": 491, "dir": ">"}, {"b": 543, "ipt": 1911, "dir": ">"}, {"b": 543, "ipt": 613, "dir": ">"}, {"b": 543, "ipt": 2779, "dir": ">"}, {"b": 1086, "ipt": 129, "dir": ">"}, {"b": 543, "ipt": 414, "dir": ">"}, {"b": 1338, "ipt": 5, "dir": ">"}, {"b": 805, "ipt": 128, "dir": ">"}, {"b": 1086, "ipt": 193, "dir": ">"}, {"b": 543, "ipt": 310, "dir": ">"}, {"b": 1338, "ipt": 5, "dir": ">"}, {"b": 1338, "ipt": 0, "dir": ">"}, {"b": 1338, "ipt": 11, "dir": ">"}, {"b": 1338, "ipt": 0, "dir": ">"}, {"b": 621, "ipt": 111, "dir": ">"}], "idp_out": "4500025364c340004006826c83caf096", "debug": {"tcp_retrans": 2, "invalid": 2}, "sa": "131.202.240.150"}
{"pr": 6, "time_start": 1427992104.654399, "bytes_out": 0, "sp": 34418, "packets": [], "time_end": 1427992104.700347, "da": "173.194.204.188", "ip": {"in": {"id": [31293], "ttl": 41}, "out": {"id": [46841], "ttl": 64}}, "expire_type": "i", "num_pkts_in": 1, "num_pkts_out": 1, "bytes_in": 0, "sa": "131.202.240.150", "byte_dist": [0, 0, 0, 0, 0, 0, 0, 0, 0, 0, 0, 0, 0, 0, 0, 0, 0, 0, 0, 0, 0, 0, 0, 0, 0, 0, 0, 0, 0, 0, 0, 0, 0, 0, 0, 0, 0, 0, 0, 0, 0, 0, 0, 0, 0, 0, 0, 0, 0, 0, 0, 0, 0, 0, 0, 0, 0, 0, 0, 0, 0, 0, 0, 0, 0, 0, 0, 0, 0, 0, 0, 0, 0, 0, 0, 0, 0, 0, 0, 0, 0, 0, 0, 0, 0, 0, 0, 0, 0, 0, 0, 0, 0, 0, 0, 0, 0, 0, 0, 0, 0, 0, 0, 0, 0, 0, 0, 0, 0, 0, 0, 0, 0, 0, 0, 0, 0, 0, 0, 0, 0, 0, 0, 0, 0, 0, 0, 0, 0, 0, 0, 0, 0, 0, 0, 0, 0, 0, 0, 0, 0, 0, 0, 0, 0, 0, 0, 0, 0, 0, 0, 0, 0, 0, 0, 0, 0, 0, 0, 0, 0, 0, 0, 0, 0, 0, 0, 0, 0, 0, 0, 0, 0, 0, 0, 0, 0, 0, 0, 0, 0, 0, 0, 0, 0, 0, 0, 0, 0, 0, 0, 0, 0, 0, 0, 0, 0, 0, 0, 0, 0, 0, 0, 0, 0, 0, 0, 0, 0, 0, 0, 0, 0, 0, 0, 0, 0, 0, 0, 0, 0, 0, 0, 0, 0, 0, 0, 0, 0, 0, 0, 0, 0, 0, 0, 0, 0, 0, 0, 0, 0, 0, 0, 0, 0, 0, 0, 0, 0, 0, 0, 0, 0, 0, 0, 0], "dp": 5228}
{"pr": 17, "time_start": 1427992108.117885, "bytes_out": 50, "sp": 137, "packets": [{"b": 50, "ipt": 0, "dir": "<"}], "time_end": 1427992108.117885, "byte_dist_std": 36.170283, "da": "131.202.243.255", "idp_out": "4500004e612a40004011ed4983caf096", "entropy": 3.421147, "num_pkts_out": 1, "idp_len_out": 16, "ip": {"out": {"id": [24874], "ttl": 64}}, "expire_type": "i", "total_entropy": 171.057367, "sa": "131.202.240.150",