{"ip": {"in": {"id": [4470, 4471, 4472, 4473, 4474, 4475, 4476, 4477, 4478, 4479, 4480, 4481, 4482, 4483, 4484, 4485, 4486, 4487, 4488, 4489, 4490, 4491, 4492, 4493, 4494, 4495, 4496, 4497, 4498, 4499, 4500, 4502, 4503, 4504, 4505, 4506, 4508, 4509, 4510, 4511, 4512, 4513, 4514, 4515, 4516, 4517, 4518, 4519, 4520, 4521], "ttl": 47}, "out": {"id": [19590, 19591, 19592, 19593, 19594, 19595, 19596, 19597, 19598, 19599, 19600, 19601, 19602, 19603, 19604, 19605, 19606, 19607, 19608, 19609, 19610, 19611, 19612, 19613, 19614, 19615, 19616, 19617, 19618, 19619, 19620, 19621, 19622, 19623, 19624, 19625, 19626, 19627, 19628, 19629, 19630, 19631, 19632, 19633, 19634, 19635, 19636, 19637, 19638, 19639], "ttl": 64}}, "idp_in": "45000253117740002f06e6b8d91703fd", "time_end": 1427991546.981408, "expire_type": "a", "entropy": 0.218067, "num_pkts_out": 1078, "pr": 6, "time_start": 1427991516.71232, "bytes_in": 2210039, "num_pkts_in": 1555, "bytes_out": 262005, "byte_dist_std": 66.787751, "da": "217.23.3.253", "byte_dist_mean": 126.913341, "idp_len_out": 16, "total_entropy": 539072.373918, "byte_dist": [147, 149, 173, 214, 155, 154, 154, 153, 173, 149, 151, 148, 151, 147, 153, 150, 147, 171, 149, 149, 148, 151, 151, 178, 147, 147, 175, 150, 151, 149, 150, 149, 154, 150, 150, 152, 151, 148, 153, 152, 150, 148, 150, 147, 149, 151, 150, 150, 149, 149, 149, 149, 151, 148, 151, 151, 148, 150, 150, 148, 150, 150, 152, 146, 151, 148, 147, 146, 150, 148, 151, 150, 147, 148, 151, 149, 150, 146, 153, 148, 149, 150, 147, 173, 150, 155, 150, 149, 148, 146, 148, 147, 151, 149, 146, 151, 149, 149, 150, 150, 150, 145, 148, 146, 148, 148, 148, 149, 149, 147, 150, 149, 144, 149, 160, 145, 149, 151, 149, 147, 149, 149, 150, 148, 174, 149, 148, 149, 149, 150, 152, 146, 150, 147, 147, 149, 148, 150, 152, 151, 148, 148, 150, 150, 151, 152, 149, 146, 152, 149, 151, 147, 150, 149, 150, 154, 147, 148, 146, 151, 154, 149, 149, 148, 151, 147, 149, 149, 148, 150, 148, 149, 146, 152, 147, 150, 149, 147, 148, 148, 149, 149, 150, 148, 147, 149, 148, 150, 150, 149, 149, 150, 153, 152, 151, 150, 150, 150, 150, 150, 151, 147, 148, 151, 150, 150, 148, 149, 149, 147, 149, 148, 148, 148, 148, 149, 150, 150, 157, 148, 149, 150, 148, 148, 148, 149, 150, 148, 149, 148, 149, 172, 150, 154, 173, 147, 147, 147, 148, 146, 148, 146, 148, 150, 146, 150, 149, 150, 150, 151, 149, 151, 150, 148, 151, 146], "dp": 9001, "idp_len_in": 16, "sp": 34160, "packets": [{"b": 543, "ipt": 0, "dir": ">"}, {"b": 543, "ipt": 146, "dir": "<"}, {"b": 543, "ipt": 0, "dir": ">"}, {"b": 1086, "ipt": 165, "dir": ">"}, {"b": 543, "ipt": 128, "dir": ">"}, {"b": 543, "ipt": 16, "dir": "<"}, {"b": 1338, "ipt": 1, "dir": ">"}, {"b": 1338, "ipt": 0, "dir": ">"}, {"b": 1338, "ipt": 27, "dir": ">"}, {"b": 1086, "ipt": 101, "dir": "<"}, {"b": 330, "ipt": 0, "dir": ">"}, {"b": 1338, "ipt": 1, "dir": ">"}, {"b": 1338, "ipt": 113, "dir": ">"}, {"b": 1086, "ipt": 13, "dir": "<"}, {"b": 524, "ipt": 0, "dir": ">"}, {"b": 1338, "ipt": 130, "dir": "<"}, {"b": 291, "ipt": 0, "dir": "<"}, {"b": 543, "ipt": 0, "dir": ">"}, {"b": 1338, "ipt": 101, "dir": "<"}, {"b": 1338, "ipt": 5, "dir": ">"}, {"b": 291, "ipt": 22, "dir": "<"}, {"b": 291, "ipt": 0, "dir": ">"}, {"b": 543, "ipt": 128, "dir": ">"}, {"b": 543, "ipt": 32, "dir": "<"}, {"b": 543, "ipt": 136, "dir": ">"}, {"b": 1086, "ipt": 37, "dir": "<"}, {"b": 1338, "ipt": 49, "dir": ">"}, {"b": 834, "ipt": 80, "dir": ">"}, {"b": 543, "ipt": 21, "dir": "<"}, {"b": 1086, "ipt": 128, "dir": "<"}, {"b": 543, "ipt": 0, "dir": ">"}, {"b": 1338, "ipt": 18, "dir": ">"}, {"b": 1338, "ipt": 23, "dir": "<"}, {"b": 1338, "ipt": 50, "dir": "<"}, {"b": 1338, "ipt": 0, "dir": "<"}, {"b": 1338, "ipt": 0, "dir": ">"}, {"b": 1338, "ipt": 0, "dir": "<"}, {"b": 1338, "ipt": 0, "dir": "<"}, {"b": 1338, "ipt": 0, "dir": "<"}, {"b": 1338, "ipt": 0, "dir": "<"}, {"b": 2676, "ipt": 7, "dir": "<"}, {"b": 10, "ipt": 47, "dir": ">"}, {"b": 1338, "ipt": 38, "dir": "<"}, {"b": 1338, "ipt": 0, "dir": "<"}, {"b": 1338, "ipt": 34, "dir": "<"}, {"b": 2676, "ipt": 0, "dir": "<"}, {"b": 1338, "ipt": 0, "dir": "<"}, {"b": 1338, "ipt": 0, "dir": "<"}, {"b": 1338, "ipt": 0, "dir": ">"}, {"b": 1338, "ipt": 0, "dir": "<"}, {"b": 1338, "ipt": 0, "dir": "<"}, {"b": 1338, "ipt": 0, "dir": "<"}, {"b": 1338, "ipt": 0, "dir": "<"}, {"b": 1338, "ipt": 0, "dir": "<"}, {"b": 1338, "ipt": 0, "dir": "<"}, {"b": 1338, "ipt": 75, "dir": ">"}, {"b": 582, "ipt": 14, "dir": ">"}, {"b": 1338, "ipt": 3, "dir": "<"}, {"b": 1338, "ipt": 0, "dir": "<"}, {"b": 1338, "ipt": 0, "dir": "<"}, {"b": 1338, "ipt": 0, "dir": "<"}, {"b": 1338, "ipt": 0, "dir": "<"}, {"b": 1338, "ipt": 0, "dir": "<"}, {"b": 2676, "ipt": 34, "dir": "<"}, {"b": 1338, "ipt": 0, "dir": "<"}, {"b": 1569, "ipt": 0, "dir": "<"}, {"b": 1338, "ipt": 5, "dir": ">"}, {"b": 1338, "ipt": 44, "dir": ">"}, {"b": 39, "ipt": 43, "dir": ">"}, {"b": 543, "ipt": 39, "dir": "<"}, {"b": 1338, "ipt": 57, "dir": "<"}, {"b": 1086, "ipt": 119, "dir": ">"}, {"b": 291, "ipt": 6, "dir": "<"}, {"b": 1086, "ipt": 136, "dir": "<"}, {"b": 543, "ipt": 0, "dir": ">"}, {"b": 543, "ipt": 393, "dir": ">"}, {"b": 1086, "ipt": 132, "dir": ">"}, {"b": 543, "ipt": 56, "dir": "<"}, {"b": 1086, "ipt": 72, "dir": ">"}, {"b": 1338, "ipt": 103, "dir": "<"}, {"b": 1338, "ipt": 0, "dir": ">"}, {"b": 291, "ipt": 23, "dir": "<"}, {"b": 291, "ipt": 0, "dir": ">"}, {"b": 1338, "ipt": 108, "dir": "<"}, {"b": 291, "ipt": 22, "dir": "<"}, {"b": 1086, "ipt": 0, "dir": ">"}, {"b": 1338, "ipt": 33, "dir": ">"}, {"b": 834, "ipt": 96, "dir": ">"}, {"b": 543, "ipt": 133, "dir": ">"}, {"b": 543, "ipt": 128, "dir": ">"}, {"b": 543, "ipt": 128, "dir": ">"}, {"b": 543, "ipt": 169, "dir": ">"}, {"b": 1086, "ipt": 172, "dir": ">"}, {"b": 543, "ipt": 219, "dir": ">"}, {"b": 543, "ipt": 292, "dir": ">"}, {"b": 543, "ipt": 143, "dir": ">"}, {"b": 543, "ipt": 274, "dir": ">"}, {"b": 1338, "ipt": 0, "dir": ">"}, {"b": 805, "ipt": 130, "dir": ">"}, {"b": 543, "ipt": 233, "dir": ">"}], "idp_out": "450002534c86400040069aa983caf096", "sa": "131.202.240.150"}
{"pr": 6, "time_start": 1427991518.92645, "bytes_out": 0, "sp": 34418, "packets": [], "time_end": 1427991518.964668, "da": "173.194.204.188", "ip": {"in": {"id": [4842], "ttl": 42}, "out": {"id": [46828], "ttl": 64}}, "expire_type": "i", "num_pkts_in": 1, "num_pkts_out": 1, "bytes_in": 0, "sa": "131.202.240.150", "byte_dist": [0, 0, 0, 0, 0, 0, 0, 0, 0, 0, 0, 0, 0, 0, 0, 0, 0, 0, 0, 0, 0, 0, 0, 0, 0, 0, 0, 0, 0, 0, 0, 0, 0, 0, 0, 0, 0, 0, 0, 0, 0, 0, 0, 0, 0, 0, 0, 0, 0, 0, 0, 0, 0, 0, 0, 0, 0, 0, 0, 0, 0, 0, 0, 0, 0, 0, 0, 0, 0, 0, 0, 0, 0, 0, 0, 0, 0, 0, 0, 0, 0, 0, 0, 0, 0, 0, 0, 0, 0, 0, 0, 0, 0, 0, 0, 0, 0, 0, 0, 0, 0, 0, 0, 0, 0, 0, 0, 0, 0, 0, 0, 0, 0, 0, 0, 0, 0, 0, 0, 0, 0, 0, 0, 0, 0, 0, 0, 0, 0, 0, 0, 0, 0, 0, 0, 0, 0, 0, 0, 0, 0, 0, 0, 0, 0, 0, 0, 0, 0, 0, 0, 0, 0, 0, 0, 0, 0, 0, 0, 0, 0, 0, 0, 0, 0, 0, 0, 0, 0, 0, 0, 0, 0, 0, 0, 0, 0, 0, 0, 0, 0, 0, 0, 0, 0, 0, 0, 0, 0, 0, 0, 0, 0, 0, 0, 0, 0, 0, 0, 0, 0, 0, 0, 0, 0, 0, 0, 0, 0, 0, 0, 0, 0, 0, 0, 0, 0, 0, 0, 0, 0, 0, 0, 0, 0, 0, 0, 0, 0, 0, 0, 0, 0, 0, 0, 0, 0, 0, 0, 0, 0, 0, 0, 0, 0, 0, 0, 0, 0, 0, 0, 0, 0, 0, 0, 0], "dp": 5228}
{"pr": 17, "time_start": 1427991571.211687, "bytes_out": 382, "sp": 138, "packets": [{"b": 191, "ipt": 0, "dir": "<"}, {"b": 191, "ipt": 1905, "dir": "<"}], "time_end": 1427991573.117007, "byte_dist_std": 45.903953, "da": "131.202.243.255", "idp_out": "450000db50e140004011fd0583caf096", "entropy": 4.058748, "num_pkts_out": 2, "idp_len_out": 16, "ip": {"out": {"id": [20705, 20796], "ttl": 64}}, "expire_type": "i", "total_entropy": 1550.441648, "sa": "131.202.240.150",