{"ip": {"in": {"id": [25076, 25077, 25078, 25079, 25080, 25081, 25082, 25083, 25084, 25085, 25086, 25087, 25088, 25089, 25090, 25091, 25092, 25093, 25094, 25095, 25096, 25097, 25098, 25099, 25100, 25101, 25102, 25103, 25104, 25105, 25106, 25107, 25108, 25109, 25110, 25111, 25112, 25113, 25114, 25115, 25116, 25117, 25118, 25119, 25120, 25121, 25122, 25123, 25124, 25125], "ttl": 64}, "out": {"id": [16715, 16716, 16717, 16718, 16719, 16720, 16721, 16722, 16723, 16724, 16725, 16726, 16728, 16729, 16730, 16731, 16733, 16736, 16738, 16740, 16742, 16744, 16746, 16747, 16748, 16749, 16750, 16752, 16754, 16755, 16757, 16758, 16759, 16760, 16761, 16763, 16765, 16766, 16768, 16769, 16770, 16771, 16773, 16774, 16775, 16776, 16777, 16778, 16779, 16780], "ttl": 47}}, "idp_in": "4500025361f440004006853b83caf096", "time_end": 1427986350.840491, "expire_type": "a", "entropy": 0.062352, "num_pkts_out": 6761, "pr": 6, "time_start": 1427986320.83051, "bytes_in": 393659, "num_pkts_in": 4170, "bytes_out": 11110752, "byte_dist_std": 71.565689, "da": "131.202.240.150", "byte_dist_mean": 127.330384, "idp_len_out": 16, "total_entropy": 717323.439566, "byte_dist": [175, 176, 178, 209, 175, 173, 189, 175, 175, 174, 174, 173, 175, 174, 175, 184, 174, 189, 174, 175, 175, 175, 173, 191, 174, 175, 182, 176, 175, 175, 174, 174, 174, 174, 175, 174, 174, 174, 175, 175, 175, 176, 175, 174, 175, 175, 175, 174, 174, 173, 174, 174, 175, 175, 173, 173, 176, 175, 174, 174, 174, 175, 174, 173, 175, 175, 175, 175, 174, 174, 173, 174, 173, 175, 175, 175, 175, 175, 175, 173, 174, 174, 175, 189, 174, 176, 176, 175, 174, 173, 175, 175, 174, 174, 175, 174, 173, 174, 173, 177, 174, 174, 174, 174, 175, 172, 174, 175, 175, 175, 175, 174, 174, 173, 178, 174, 174, 174, 173, 175, 174, 174, 174, 174, 189, 174, 175, 174, 174, 175, 174, 175, 175, 174, 175, 173, 174, 175, 174, 174, 173, 174, 174, 175, 176, 175, 175, 174, 176, 177, 174, 174, 175, 174, 175, 174, 174, 175, 174, 174, 178, 173, 173, 175, 174, 174, 175, 172, 174, 174, 174, 174, 173, 174, 174, 175, 176, 174, 173, 175, 174, 173, 174, 174, 174, 174, 173, 174, 175, 173, 174, 175, 173, 174, 174, 176, 175, 175, 173, 175, 175, 175, 174, 175, 173, 174, 173, 176, 174, 173, 174, 173, 174, 175, 174, 173, 175, 174, 177, 175, 173, 173, 176, 174, 175, 174, 175, 173, 176, 174, 173, 187, 175, 178, 189, 175, 175, 176, 174, 174, 174, 176, 177, 175, 175, 176, 175, 175, 185, 175, 176, 174, 175, 176, 176, 174], "dp": 34160, "idp_len_in": 16, "sp": 9001, "packets": [{"b": 1338, "ipt": 0, "dir": ">"}, {"b": 543, "ipt": 0, "dir": "<"}, {"b": 1338, "ipt": 0, "dir": ">"}, {"b": 1338, "ipt": 0, "dir": ">"}, {"b": 1338, "ipt": 0, "dir": ">"}, {"b": 1338, "ipt": 0, "dir": ">"}, {"b": 1338, "ipt": 0, "dir": ">"}, {"b": 1338, "ipt": 51, "dir": ">"}, {"b": 1338, "ipt": 0, "dir": ">"}, {"b": 1338, "ipt": 0, "dir": ">"}, {"b": 1338, "ipt": 0, "dir": ">"}, {"b": 1338, "ipt": 0, "dir": ">"}, {"b": 2676, "ipt": 0, "dir": ">"}, {"b": 1338, "ipt": 0, "dir": ">"}, {"b": 1338, "ipt": 0, "dir": ">"}, {"b": 1338, "ipt": 0, "dir": ">"}, {"b": 2676, "ipt": 4, "dir": ">"}, {"b": 4014, "ipt": 38, "dir": ">"}, {"b": 2676, "ipt": 0, "dir": ">"}, {"b": 2676, "ipt": 0, "dir": ">"}, {"b": 2676, "ipt": 0, "dir": ">"}, {"b": 2676, "ipt": 36, "dir": ">"}, {"b": 1086, "ipt": 0, "dir": "<"}, {"b": 2676, "ipt": 37, "dir": ">"}, {"b": 1338, "ipt": 0, "dir": ">"}, {"b": 1338, "ipt": 4, "dir": ">"}, {"b": 1338, "ipt": 8, "dir": ">"}, {"b": 1338, "ipt": 0, "dir": ">"}, {"b": 2676, "ipt": 0, "dir": ">"}, {"b": 2676, "ipt": 0, "dir": ">"}, {"b": 1338, "ipt": 0, "dir": ">"}, {"b": 2676, "ipt": 0, "dir": ">"}, {"b": 1338, "ipt": 28, "dir": ">"}, {"b": 1338, "ipt": 0, "dir": ">"}, {"b": 1338, "ipt": 0, "dir": ">"}, {"b": 1338, "ipt": 0, "dir": ">"}, {"b": 2676, "ipt": 37, "dir": ">"}, {"b": 2676, "ipt": 0, "dir": ">"}, {"b": 1338, "ipt": 0, "dir": ">"}, {"b": 2676, "ipt": 0, "dir": ">"}, {"b": 1338, "ipt": 0, "dir": "<"}, {"b": 1338, "ipt": 0, "dir": ">"}, {"b": 1338, "ipt": 0, "dir": ">"}, {"b": 1338, "ipt": 48, "dir": ">"}, {"b": 291, "ipt": 0, "dir": "<"}, {"b": 2676, "ipt": 0, "dir": ">"}, {"b": 1338, "ipt": 0, "dir": ">"}, {"b": 1338, "ipt": 12, "dir": ">"}, {"b": 1338, "ipt": 0, "dir": ">"}, {"b": 1338, "ipt": 0, "dir": ">"}, {"b": 1338, "ipt": 0, "dir": ">"}, {"b": 1338, "ipt": 11, "dir": ">"}, {"b": 1338, "ipt": 0, "dir": ">"}, {"b": 2676, "ipt": 0, "dir": ">"}, {"b": 543, "ipt": 115, "dir": "<"}, {"b": 1338, "ipt": 129, "dir": "<"}, {"b": 291, "ipt": 10, "dir": "<"}, {"b": 1338, "ipt": 29, "dir": "<"}, {"b": 2676, "ipt": 0, "dir": "<"}, {"b": 1338, "ipt": 0, "dir": "<"}, {"b": 1338, "ipt": 67, "dir": "<"}, {"b": 738, "ipt": 30, "dir": "<"}, {"b": 1338, "ipt": 118, "dir": "<"}, {"b": 834, "ipt": 10, "dir": "<"}, {"b": 543, "ipt": 128, "dir": "<"}, {"b": 1086, "ipt": 128, "dir": "<"}, {"b": 1338, "ipt": 46, "dir": "<"}, {"b": 291, "ipt": 83, "dir": "<"}, {"b": 1338, "ipt": 4, "dir": "<"}, {"b": 2676, "ipt": 0, "dir": "<"}, {"b": 1338, "ipt": 39, "dir": "<"}, {"b": 1048, "ipt": 91, "dir": "<"}, {"b": 1338, "ipt": 40, "dir": "<"}, {"b": 291, "ipt": 88, "dir": "<"}, {"b": 1086, "ipt": 137, "dir": "<"}, {"b": 1338, "ipt": 52, "dir": "<"}, {"b": 291, "ipt": 107, "dir": "<"}, {"b": 1338, "ipt": 37, "dir": "<"}, {"b": 1338, "ipt": 0, "dir": "<"}, {"b": 1338, "ipt": 65, "dir": "<"}, {"b": 301, "ipt": 24, "dir": "<"}, {"b": 1338, "ipt": 80, "dir": "<"}, {"b": 291, "ipt": 68, "dir": "<"}, {"b": 1086, "ipt": 128, "dir": "<"}, {"b": 1086, "ipt": 128, "dir": "<"}, {"b": 1086, "ipt": 129, "dir": "<"}, {"b": 1086, "ipt": 149, "dir": "<"}, {"b": 1086, "ipt": 158, "dir": "<"}, {"b": 1338, "ipt": 7, "dir": "<"}, {"b": 1338, "ipt": 113, "dir": "<"}, {"b": 39, "ipt": 11, "dir": "<"}, {"b": 1086, "ipt": 129, "dir": "<"}, {"b": 1086, "ipt": 129, "dir": "<"}, {"b": 1086, "ipt": 152, "dir": "<"}, {"b": 1086, "ipt": 129, "dir": "<"}, {"b": 1338, "ipt": 90, "dir": "<"}, {"b": 834, "ipt": 40, "dir": "<"}, {"b": 543, "ipt": 130, "dir": "<"}, {"b": 1338, "ipt": 129, "dir": "<"}, {"b": 291, "ipt": 4, "dir": "<"}], "idp_out": "4500056e414b40002f06b3c9d91703fd", "sa": "217.23.3.253"}
{"ip": {"in": {"id": [5644], "ttl": 64}, "out": {"id": [0], "ttl": 38}}, "idp_in": "45000054160c00004001b3aa83caf096", "time_end": 1427986325.468705, "expire_type": "i", "entropy": 5.735927, "num_pkts_out": 1, "pr": 1, "time_start": 1427986325.468643, "bytes_in": 56, "num_pkts_in": 1, "bytes_out": 56, "byte_dist_std": 18.22397, "da": "131.202.240.150", "byte_dist_mean": 35.910714, "idp_len_out": 16, "total_entropy": 642.423836, "byte_dist": [2, 2, 0, 0, 0, 0, 0, 0, 2, 2, 2, 2, 2, 2, 2, 2, 2, 2, 2, 2, 2, 2, 2, 2, 2, 2, 2, 2, 2, 4, 2, 2, 2, 2, 2, 4, 2, 2, 2, 2, 2, 2, 2, 2, 2, 2, 2, 2, 2, 2, 2, 2, 2, 2, 2, 2, 0, 0, 0, 0, 0, 0, 0, 0, 0, 0, 0, 0, 0, 0, 0, 0, 0, 0, 0, 0, 0, 0, 0, 0, 0, 0, 0, 0, 0, 2, 0, 2, 0, 0, 0, 0, 0, 0, 0, 0, 0, 0, 0, 0, 0, 0, 0, 0, 0, 0, 0, 0, 2, 0, 0, 0, 0, 0, 0, 0, 0, 0, 0, 0, 0, 0, 0, 0, 0, 0, 0, 0, 0, 0, 0, 0, 0, 0, 0, 0, 0, 0, 0, 0, 0, 0, 0, 0, 0, 0, 0, 0, 0, 0, 0, 0, 0, 0, 2, 0, 0, 0, 0, 0, 0, 0, 0, 0, 0, 0, 0, 0, 0, 0, 0, 0, 0, 0, 0, 0, 0, 0, 0, 0, 0, 0, 0, 0, 0, 0, 0, 0, 0, 0, 0, 0, 0, 0, 0, 0, 0, 0, 0, 0, 0, 0, 0, 0, 0, 0, 0, 0, 0, 0, 0, 0, 0, 0, 0, 0, 0, 0, 0, 0, 0, 0, 0, 0, 0, 0, 0, 0, 0, 0, 0, 0, 0, 0, 0, 0, 0, 0, 0, 0, 0, 0, 0, 0, 0, 0, 0, 0, 0, 0, 0, 0, 0, 0, 0, 0], "dp": null, "idp_len_in": 16, "sp": null, "packets": [{"b": 56, "ipt": 0, "dir": ">"}, {"b": 56, "ipt": 0, "dir": "<"}], "idp_out": "45000054000040002601a3b6b6fe8593", "sa": "182.254.133.147"}
{"pr": 17, "time_start": 1427986345.0508, "bytes_out": 382, "sp": 138, "packets": [{"b": 191, "ipt": 0, "dir": "<"}, {"b": 191, "ipt": 2056, "dir": "<"}], "time_end": 1427986347.107451, "byte_dist_std": 46.937857, "da": "131.202.243.255", "idp_out": "450000dbb1d2400040119c1483caf096", "entropy": 4.0627, "num_pkts_out": 2, "idp_len_out": 16, "ip": {"out": {"id": [45522, 45971], "ttl": 64}}, "expire_type": "i", "total_entropy": 1551.951504, "sa": "131.202.240.150",